<?xml version="1.0" encoding="UTF-8"?><idempiere Name="OmnisearchdbpPack" Version="1.0.0" idempiereVersion="" DataBaseVersion="" Description="" Author="" AuthorEmail="druiz@tbayen.de" CreatedDate="2019-07-25 20:44:28.41" UpdatedDate="2019-07-25 20:44:28.41" PackOutVersion="100" UpdateDictionary="false" Client="0-SYSTEM-System" AD_Client_UU="11237b53-9592-4af1-b3c5-afd216514b5d">
    <AD_EntityType type="table">
        <AD_Client_ID>0</AD_Client_ID>
        <AD_Org_ID>0</AD_Org_ID>
        <EntityType>BAY</EntityType>
        <IsActive>Y</IsActive>
        <Name>Freibier</Name>
        <Description>Implementation from BX Service/Thomas Bayen for FreiBier, german/european localization and more</Description>
        <Help/>
        <Version/>
        <ModelPackage/>
        <Classpath/>
        <Processing>N</Processing>
        <AD_EntityType_UU>ea7c6bae-5992-4f08-8777-c264078da40f</AD_EntityType_UU>
    </AD_EntityType>
    <AD_Message type="table">
        <AD_Client_ID>0</AD_Client_ID>
        <AD_Org_ID>0</AD_Org_ID>
        <MsgType>I</MsgType>
        <MsgText>Advanced search</MsgText>
        <MsgTip/>
        <IsActive>Y</IsActive>
        <Value>BXS_AdvancedQuery</Value>
        <EntityType>BAY</EntityType>
        <AD_Message_UU>34a66b40-dda2-47c0-bb9e-2b7fdc846c6f</AD_Message_UU>
        <AD_Message_Trl type="translation">
            <MsgText>Advanced search</MsgText>
            <MsgTip/>
            <AD_Language>de_DE</AD_Language>
            <IsActive>Y</IsActive>
            <IsTranslated>N</IsTranslated>
        </AD_Message_Trl>
    </AD_Message>
    <PA_DashboardContent type="table">
        <AD_Client_ID>0</AD_Client_ID>
        <AD_Org_ID>0</AD_Org_ID>
        <Name>Omnisearch</Name>
        <AD_Window_ID reference="id"/>
        <Description/>
        <HTML/>
        <IsActive>Y</IsActive>
        <Line>0</Line>
        <PA_Goal_ID reference="id"/>
        <ColumnNo>0</ColumnNo>
        <ZulFilePath>/zul/omnisearchdp.zul</ZulFilePath>
        <IsCollapsible>Y</IsCollapsible>
        <GoalDisplay>T</GoalDisplay>
        <PA_DashboardContent_UU>2676b7b7-d013-4d4b-93be-f546e5b32112</PA_DashboardContent_UU>
        <IsShowInDashboard>Y</IsShowInDashboard>
        <AD_Process_ID reference="id"/>
        <IsEmbedReportContent>N</IsEmbedReportContent>
        <ProcessParameters/>
        <IsCollapsedByDefault>N</IsCollapsedByDefault>
        <AD_User_ID reference="id">0</AD_User_ID>
        <AD_Role_ID reference="id">0</AD_Role_ID>
        <IsShowinLogin>Y</IsShowinLogin>
        <AD_Chart_ID reference="id"/>
        <PA_DashboardContent_Trl type="translation">
            <HTML/>
            <Description/>
            <Name>Omnisearch</Name>
            <AD_Language>de_DE</AD_Language>
            <IsActive>Y</IsActive>
            <IsTranslated>N</IsTranslated>
        </PA_DashboardContent_Trl>
    </PA_DashboardContent>
</idempiere>
