<?xml version="1.0" encoding="UTF-8"?><idempiere Name="2Pack_4.1.0" Version="4.1.0" idempiereVersion="" DataBaseVersion="" Description="" Author="" AuthorEmail="" CreatedDate="2017-01-13 14:48:23.973" UpdatedDate="2017-01-13 14:54:41.29" PackOutVersion="100" UpdateDictionary="false" Client="0-SYSTEM-System" AD_Client_UU="11237b53-9592-4af1-b3c5-afd216514b5d">
    <SQLStatement type="custom">
        <DBType>Postgres</DBType>
        <statement><![CDATA[ALTER TABLE AD_Column ADD COLUMN BXS_IsTSIndex CHAR(1) DEFAULT 'N' CHECK (BXS_IsTSIndex IN ('Y','N')); COMMIT;]]></statement>
    </SQLStatement>
    <SQLMandatory type="custom">
        <DBType>Postgres</DBType>
        <statement><![CDATA[CREATE TABLE IF NOT EXISTS BXS_omnSearch ( AD_CLIENT_ID NUMERIC(10,0),
AD_TABLE_ID NUMERIC(10,0),
RECORD_ID NUMERIC(10,0),
 BXS_omnTSVector tsvector)]]></statement>
    </SQLMandatory>
    <AD_EntityType type="table">
        <AD_Client_ID>0</AD_Client_ID>
        <AD_Org_ID>0</AD_Org_ID>
        <EntityType>BAY</EntityType>
        <IsActive>Y</IsActive>
        <Name>Freibier</Name>
        <Description>Implementation from BX Service/Thomas Bayen for FreiBier, german/european localization and more</Description>
        <Help/>
        <Version/>
        <ModelPackage/>
        <Classpath/>
        <Processing>N</Processing>
        <AD_EntityType_UU>ea7c6bae-5992-4f08-8777-c264078da40f</AD_EntityType_UU>
    </AD_EntityType>
    <AD_Menu type="table">
        <SeqNo>16</SeqNo>
        <AD_Client_ID>0</AD_Client_ID>
        <AD_Org_ID>0</AD_Org_ID>
        <Name>Omnisearch</Name>
        <Description/>
        <Action/>
        <AD_Window_ID reference="id"/>
        <AD_Workflow_ID reference="id"/>
        <AD_Task_ID reference="id"/>
        <IsActive>Y</IsActive>
        <IsSummary>Y</IsSummary>
        <AD_Process_ID reference="id"/>
        <IsSOTrx>N</IsSOTrx>
        <AD_Form_ID reference="id"/>
        <IsReadOnly>N</IsReadOnly>
        <EntityType>BAY</EntityType>
        <IsCentrallyMaintained>N</IsCentrallyMaintained>
        <AD_Menu_UU>9ad0f44e-2d8c-48dc-a98a-eb469be1f938</AD_Menu_UU>
        <AD_InfoWindow_ID reference="id"/>
        <AD_Menu_Trl type="translation">
            <Name>Omnisearch</Name>
            <Description/>
            <AD_Language>es_CO</AD_Language>
            <IsActive>Y</IsActive>
            <IsTranslated>N</IsTranslated>
        </AD_Menu_Trl>
        <AD_Menu_Trl type="translation">
            <Name>Omnisearch</Name>
            <Description/>
            <AD_Language>de_DE</AD_Language>
            <IsActive>Y</IsActive>
            <IsTranslated>N</IsTranslated>
        </AD_Menu_Trl>
        <AD_Menu type="table">
            <Parent_ID reference="uuid" reference-key="AD_Menu">9ad0f44e-2d8c-48dc-a98a-eb469be1f938</Parent_ID>
            <SeqNo>0</SeqNo>
            <AD_Client_ID>0</AD_Client_ID>
            <AD_Org_ID>0</AD_Org_ID>
            <Name>Create Index</Name>
            <Description/>
            <Action>P</Action>
            <AD_Window_ID reference="id"/>
            <AD_Workflow_ID reference="id"/>
            <AD_Task_ID reference="id"/>
            <IsActive>Y</IsActive>
            <IsSummary>N</IsSummary>
            <AD_Process_ID reference="uuid" reference-key="AD_Process">9678a409-32c8-4aad-9db2-1354dc80b451</AD_Process_ID>
            <IsSOTrx>N</IsSOTrx>
            <AD_Form_ID reference="id"/>
            <IsReadOnly>N</IsReadOnly>
            <EntityType>BAY</EntityType>
            <IsCentrallyMaintained>Y</IsCentrallyMaintained>
            <AD_Menu_UU>fd35fc7a-0d8a-4fa3-8e30-d8e041223cb9</AD_Menu_UU>
            <AD_InfoWindow_ID reference="id"/>
            <AD_Process type="table">
                <AD_Client_ID>0</AD_Client_ID>
                <AD_Org_ID>0</AD_Org_ID>
                <IsActive>Y</IsActive>
                <Name>Create Omnisearch Index</Name>
                <Description/>
                <Help/>
                <ProcedureName/>
                <IsReport>N</IsReport>
                <Value>CreateIndexProcess</Value>
                <IsDirectPrint>N</IsDirectPrint>
                <AD_ReportView_ID reference="id"/>
                <Classname>de.bxservice.process.CreateIndexProcess</Classname>
                <AccessLevel>3</AccessLevel>
                <EntityType>BAY</EntityType>
                <Statistic_Count>9</Statistic_Count>
                <Statistic_Seconds>833</Statistic_Seconds>
                <AD_PrintFormat_ID reference="id"/>
                <WorkflowValue/>
                <AD_Workflow_ID reference="id"/>
                <IsBetaFunctionality>N</IsBetaFunctionality>
                <IsServerProcess>N</IsServerProcess>
                <ShowHelp>Y</ShowHelp>
                <JasperReport/>
                <AD_Form_ID reference="id"/>
                <CopyFromProcess>N</CopyFromProcess>
                <AD_Process_UU>9678a409-32c8-4aad-9db2-1354dc80b451</AD_Process_UU>
                <AD_CtxHelp_ID reference="id"/>
                <AD_Process_Trl type="translation">
                    <Help/>
                    <Description/>
                    <Name>CreateIndexProcess</Name>
                    <AD_Language>es_CO</AD_Language>
                    <IsActive>Y</IsActive>
                    <IsTranslated>N</IsTranslated>
                </AD_Process_Trl>
                <AD_Process_Trl type="translation">
                    <Help/>
                    <Description/>
                    <Name>CreateIndexProcess</Name>
                    <AD_Language>de_DE</AD_Language>
                    <IsActive>Y</IsActive>
                    <IsTranslated>N</IsTranslated>
                </AD_Process_Trl>
                <AD_Reference type="table">
                    <AD_Client_ID>0</AD_Client_ID>
                    <AD_Org_ID>0</AD_Org_ID>
                    <Name>OMNI_Index_Type</Name>
                    <Description/>
                    <Help/>
                    <ValidationType>L</ValidationType>
                    <IsActive>Y</IsActive>
                    <VFormat/>
                    <EntityType>BAY</EntityType>
                    <IsOrderByValue>N</IsOrderByValue>
                    <AD_Reference_UU>d548b3ff-6274-454b-b415-5528101eb0f7</AD_Reference_UU>
                    <AD_Reference_Trl type="translation">
                        <Help/>
                        <Name>OMNI_Index_Type</Name>
                        <Description/>
                        <AD_Language>es_CO</AD_Language>
                        <IsActive>Y</IsActive>
                        <IsTranslated>N</IsTranslated>
                    </AD_Reference_Trl>
                    <AD_Reference_Trl type="translation">
                        <Help/>
                        <Name>OMNI_Index_Type</Name>
                        <Description/>
                        <AD_Language>de_DE</AD_Language>
                        <IsActive>Y</IsActive>
                        <IsTranslated>N</IsTranslated>
                    </AD_Reference_Trl>
                    <AD_Ref_List type="table">
                        <AD_Client_ID>0</AD_Client_ID>
                        <AD_Org_ID>0</AD_Org_ID>
                        <Name>Text Search</Name>
                        <Description/>
                        <AD_Reference_ID reference="uuid" reference-key="AD_Reference">d548b3ff-6274-454b-b415-5528101eb0f7</AD_Reference_ID>
                        <ValidFrom/>
                        <ValidTo/>
                        <Value>TS</Value>
                        <IsActive>Y</IsActive>
                        <EntityType>BAY</EntityType>
                        <AD_Ref_List_UU>3a5c212e-3b6f-45e6-ac39-d26f4c882c64</AD_Ref_List_UU>
                        <AD_Ref_List_Trl type="translation">
                            <Description/>
                            <Name>Text Search</Name>
                            <AD_Language>es_CO</AD_Language>
                            <IsActive>Y</IsActive>
                            <IsTranslated>N</IsTranslated>
                        </AD_Ref_List_Trl>
                        <AD_Ref_List_Trl type="translation">
                            <Description/>
                            <Name>Text Search</Name>
                            <AD_Language>de_DE</AD_Language>
                            <IsActive>Y</IsActive>
                            <IsTranslated>N</IsTranslated>
                        </AD_Ref_List_Trl>
                    </AD_Ref_List>
                </AD_Reference>
                <AD_Element type="table">
                    <AD_Client_ID>0</AD_Client_ID>
                    <AD_Org_ID>0</AD_Org_ID>
                    <IsActive>Y</IsActive>
                    <ColumnName>BXS_IndexType</ColumnName>
                    <Name>Index Type</Name>
                    <Description/>
                    <Help/>
                    <PrintName>Index Type</PrintName>
                    <PO_Description/>
                    <PO_Help/>
                    <PO_Name/>
                    <PO_PrintName/>
                    <EntityType>BAY</EntityType>
                    <AD_Element_UU>7a03ab0d-ebb7-47c6-9493-457363e60dd6</AD_Element_UU>
                    <AD_Element_Trl type="translation">
                        <Help/>
                        <PO_Description/>
                        <PO_Help/>
                        <Name>Tipo de índice</Name>
                        <Description/>
                        <PrintName>Tipo de índice</PrintName>
                        <PO_Name/>
                        <PO_PrintName/>
                        <AD_Language>es_CO</AD_Language>
                        <IsActive>Y</IsActive>
                        <IsTranslated>Y</IsTranslated>
                    </AD_Element_Trl>
                    <AD_Element_Trl type="translation">
                        <Help/>
                        <PO_Description/>
                        <PO_Help/>
                        <Name>Index Type</Name>
                        <Description/>
                        <PrintName>Index Type</PrintName>
                        <PO_Name/>
                        <PO_PrintName/>
                        <AD_Language>de_DE</AD_Language>
                        <IsActive>Y</IsActive>
                        <IsTranslated>N</IsTranslated>
                    </AD_Element_Trl>
                </AD_Element>
                <AD_Process_Para type="table">
                    <AD_Client_ID>0</AD_Client_ID>
                    <AD_Org_ID>0</AD_Org_ID>
                    <IsActive>Y</IsActive>
                    <Name>Index Type</Name>
                    <Description/>
                    <Help/>
                    <AD_Process_ID reference="uuid" reference-key="AD_Process">9678a409-32c8-4aad-9db2-1354dc80b451</AD_Process_ID>
                    <SeqNo>10</SeqNo>
                    <AD_Reference_ID reference="id">17</AD_Reference_ID>
                    <AD_Reference_Value_ID reference="uuid" reference-key="AD_Reference">d548b3ff-6274-454b-b415-5528101eb0f7</AD_Reference_Value_ID>
                    <IsRange>N</IsRange>
                    <AD_Val_Rule_ID reference="id"/>
                    <FieldLength>0</FieldLength>
                    <IsMandatory>N</IsMandatory>
                    <DefaultValue>TS</DefaultValue>
                    <VFormat/>
                    <ValueMin/>
                    <ValueMax/>
                    <ColumnName>BXS_IndexType</ColumnName>
                    <DefaultValue2/>
                    <IsCentrallyMaintained>Y</IsCentrallyMaintained>
                    <EntityType>BAY</EntityType>
                    <AD_Element_ID reference="uuid" reference-key="AD_Element">7a03ab0d-ebb7-47c6-9493-457363e60dd6</AD_Element_ID>
                    <ReadOnlyLogic/>
                    <DisplayLogic/>
                    <AD_Process_Para_UU>57523ef4-80f9-4405-8462-0646acc71f11</AD_Process_Para_UU>
                    <IsEncrypted>N</IsEncrypted>
                    <AD_Process_Para_Trl type="translation">
                        <Help/>
                        <Name>Index Type</Name>
                        <Description/>
                        <AD_Language>es_CO</AD_Language>
                        <IsActive>Y</IsActive>
                        <IsTranslated>N</IsTranslated>
                    </AD_Process_Para_Trl>
                    <AD_Process_Para_Trl type="translation">
                        <Help/>
                        <Name>Index Type</Name>
                        <Description/>
                        <AD_Language>de_DE</AD_Language>
                        <IsActive>Y</IsActive>
                        <IsTranslated>N</IsTranslated>
                    </AD_Process_Para_Trl>
                </AD_Process_Para>
            </AD_Process>
        </AD_Menu>
    </AD_Menu>
    <AD_Element type="table">
        <AD_Client_ID>0</AD_Client_ID>
        <AD_Org_ID>0</AD_Org_ID>
        <IsActive>Y</IsActive>
        <ColumnName>BXS_IsTSIndex</ColumnName>
        <Name>Text search index</Name>
        <Description>Specifies if this column will be used in search queries in the omnisearch dashboard</Description>
        <Help/>
        <PrintName>Text search index</PrintName>
        <PO_Description/>
        <PO_Help/>
        <PO_Name/>
        <PO_PrintName/>
        <EntityType>BAY</EntityType>
        <AD_Element_UU>f5669511-104b-41da-9761-0e276816e174</AD_Element_UU>
        <AD_Element_Trl type="translation">
            <Help/>
            <PO_Description/>
            <PO_Help/>
            <Name>Text search index</Name>
            <Description/>
            <PrintName>Text search index</PrintName>
            <PO_Name/>
            <PO_PrintName/>
            <AD_Language>es_CO</AD_Language>
            <IsActive>Y</IsActive>
            <IsTranslated>N</IsTranslated>
        </AD_Element_Trl>
        <AD_Element_Trl type="translation">
            <Help/>
            <PO_Description/>
            <PO_Help/>
            <Name>Text search index</Name>
            <Description/>
            <PrintName>Text search index</PrintName>
            <PO_Name/>
            <PO_PrintName/>
            <AD_Language>de_DE</AD_Language>
            <IsActive>Y</IsActive>
            <IsTranslated>N</IsTranslated>
        </AD_Element_Trl>
    </AD_Element>
    <AD_Column type="table">
        <IsSyncDatabase>N</IsSyncDatabase>
        <AD_Table_ID reference="id">101</AD_Table_ID>
        <AD_Reference_Value_ID reference="id"/>
        <AD_Client_ID>0</AD_Client_ID>
        <AD_Org_ID>0</AD_Org_ID>
        <Version>0</Version>
        <Name>Text search index</Name>
        <Description>Specifies if this column will be used in search queries in the omnisearch dashboard</Description>
        <Help/>
        <AD_Val_Rule_ID reference="id"/>
        <ColumnName>BXS_IsTSIndex</ColumnName>
        <DefaultValue>N</DefaultValue>
        <FieldLength>1</FieldLength>
        <IsKey>N</IsKey>
        <IsParent>N</IsParent>
        <IsMandatory>N</IsMandatory>
        <IsTranslated>N</IsTranslated>
        <IsIdentifier>N</IsIdentifier>
        <SeqNo>0</SeqNo>
        <IsEncrypted>N</IsEncrypted>
        <AD_Reference_ID reference="id">20</AD_Reference_ID>
        <IsActive>Y</IsActive>
        <VFormat/>
        <Callout/>
        <AD_Element_ID reference="uuid" reference-key="AD_Element">f5669511-104b-41da-9761-0e276816e174</AD_Element_ID>
        <IsUpdateable>Y</IsUpdateable>
        <AD_Process_ID reference="id"/>
        <ValueMin/>
        <ValueMax/>
        <IsSelectionColumn>N</IsSelectionColumn>
        <ReadOnlyLogic/>
        <EntityType>BAY</EntityType>
        <IsAlwaysUpdateable>N</IsAlwaysUpdateable>
        <ColumnSQL/>
        <MandatoryLogic/>
        <IsAutocomplete>N</IsAutocomplete>
        <IsAllowLogging>Y</IsAllowLogging>
        <FormatPattern/>
        <AD_Chart_ID reference="id"/>
        <AD_Column_UU>c3474be9-0f02-4a06-b066-970c5f4f23cd</AD_Column_UU>
        <IsAllowCopy>Y</IsAllowCopy>
        <SeqNoSelection>0</SeqNoSelection>
        <IsToolbarButton>N</IsToolbarButton>
        <IsSecure>N</IsSecure>
        <FKConstraintName/>
        <FKConstraintType>N</FKConstraintType>
        <BXS_IsTSIndex>N</BXS_IsTSIndex>
    </AD_Column>
    <AD_Field type="table">
        <AD_Client_ID>0</AD_Client_ID>
        <AD_Org_ID>0</AD_Org_ID>
        <Name>Text search index</Name>
        <Description>Specifies if this column will be used in search queries in the omnisearch dashboard</Description>
        <Help/>
        <AD_Tab_ID reference="id">101</AD_Tab_ID>
        <AD_Column_ID reference="uuid" reference-key="AD_Column">c3474be9-0f02-4a06-b066-970c5f4f23cd</AD_Column_ID>
        <IsDisplayed>Y</IsDisplayed>
        <DisplayLogic/>
        <DisplayLength>1</DisplayLength>
        <SeqNo>350</SeqNo>
        <SortNo/>
        <IsSameLine>N</IsSameLine>
        <IsHeading>N</IsHeading>
        <IsFieldOnly>N</IsFieldOnly>
        <IsEncrypted>N</IsEncrypted>
        <IsActive>Y</IsActive>
        <IsReadOnly>N</IsReadOnly>
        <IsCentrallyMaintained>Y</IsCentrallyMaintained>
        <AD_FieldGroup_ID reference="id"/>
        <EntityType>BAY</EntityType>
        <ObscureType/>
        <AD_Reference_ID reference="id"/>
        <IsMandatory/>
        <DefaultValue/>
        <AD_Reference_Value_ID reference="id"/>
        <AD_Val_Rule_ID reference="id"/>
        <Included_Tab_ID reference="id"/>
        <AD_Field_UU>651006d6-af26-4011-bc28-9119a05b19ab</AD_Field_UU>
        <IsAllowCopy/>
        <IsDisplayedGrid>Y</IsDisplayedGrid>
        <SeqNoGrid>440</SeqNoGrid>
        <XPosition>5</XPosition>
        <ColumnSpan>2</ColumnSpan>
        <NumLines>1</NumLines>
        <IsQuickEntry>N</IsQuickEntry>
        <IsUpdateable/>
        <IsAlwaysUpdateable/>
        <MandatoryLogic/>
        <ReadOnlyLogic/>
        <IsToolbarButton/>
        <IsDefaultFocus>N</IsDefaultFocus>
        <IsAdvancedField>N</IsAdvancedField>
        <VFormat/>
        <AD_LabelStyle_ID reference="id"/>
        <AD_FieldStyle_ID reference="id"/>
        <AD_Field_Trl type="translation">
            <Help/>
            <Description/>
            <Name>Text search index</Name>
            <AD_Language>de_DE</AD_Language>
            <IsActive>Y</IsActive>
            <IsTranslated>N</IsTranslated>
        </AD_Field_Trl>
        <AD_Field_Trl type="translation">
            <Help/>
            <Description/>
            <Name>Text search index</Name>
            <AD_Language>es_CO</AD_Language>
            <IsActive>Y</IsActive>
            <IsTranslated>N</IsTranslated>
        </AD_Field_Trl>
    </AD_Field>
    <AD_Message type="table">
        <AD_Client_ID>0</AD_Client_ID>
        <AD_Org_ID>0</AD_Org_ID>
        <MsgType>I</MsgType>
        <MsgText>Advanced search</MsgText>
        <MsgTip/>
        <IsActive>Y</IsActive>
        <Value>BXS_AdvancedQuery</Value>
        <EntityType>BAY</EntityType>
        <AD_Message_UU>34a66b40-dda2-47c0-bb9e-2b7fdc846c6f</AD_Message_UU>
        <AD_Message_Trl type="translation">
            <MsgText>Búsqueda avanzada</MsgText>
            <MsgTip/>
            <AD_Language>es_CO</AD_Language>
            <IsActive>Y</IsActive>
            <IsTranslated>Y</IsTranslated>
        </AD_Message_Trl>
        <AD_Message_Trl type="translation">
            <MsgText>Advanced search</MsgText>
            <MsgTip/>
            <AD_Language>de_DE</AD_Language>
            <IsActive>Y</IsActive>
            <IsTranslated>N</IsTranslated>
        </AD_Message_Trl>
    </AD_Message>
    <AD_Message type="table">
        <AD_Client_ID>0</AD_Client_ID>
        <AD_Org_ID>0</AD_Org_ID>
        <MsgType>I</MsgType>
        <MsgText>The index does not exist or it is empty</MsgText>
        <MsgTip/>
        <IsActive>Y</IsActive>
        <Value>BXS_NoIndex</Value>
        <EntityType>BAY</EntityType>
        <AD_Message_UU>24b00743-b43b-4cc6-8fd4-30e39ba12935</AD_Message_UU>
        <AD_Message_Trl type="translation">
            <MsgText>El indice no existe o está vacío </MsgText>
            <MsgTip/>
            <AD_Language>es_CO</AD_Language>
            <IsActive>Y</IsActive>
            <IsTranslated>Y</IsTranslated>
        </AD_Message_Trl>
        <AD_Message_Trl type="translation">
            <MsgText>The index does not exist or it is empty</MsgText>
            <MsgTip/>
            <AD_Language>de_DE</AD_Language>
            <IsActive>Y</IsActive>
            <IsTranslated>N</IsTranslated>
        </AD_Message_Trl>
    </AD_Message>
    <PA_DashboardContent type="table">
        <AD_Client_ID>0</AD_Client_ID>
        <AD_Org_ID>0</AD_Org_ID>
        <Name>Omnisearch</Name>
        <AD_Window_ID reference="id"/>
        <Description/>
        <HTML/>
        <IsActive>Y</IsActive>
        <Line>0</Line>
        <PA_Goal_ID reference="id"/>
        <ColumnNo>0</ColumnNo>
        <ZulFilePath>/zul/omnisearchdp.zul</ZulFilePath>
        <IsCollapsible>Y</IsCollapsible>
        <GoalDisplay>T</GoalDisplay>
        <PA_DashboardContent_UU>2676b7b7-d013-4d4b-93be-f546e5b32112</PA_DashboardContent_UU>
        <IsShowInDashboard>Y</IsShowInDashboard>
        <AD_Process_ID reference="id"/>
        <IsEmbedReportContent>N</IsEmbedReportContent>
        <ProcessParameters/>
        <IsCollapsedByDefault>N</IsCollapsedByDefault>
        <AD_User_ID reference="id">0</AD_User_ID>
        <AD_Role_ID reference="id">0</AD_Role_ID>
        <IsShowinLogin>Y</IsShowinLogin>
        <AD_Chart_ID reference="id"/>
        <PA_DashboardContent_Trl type="translation">
            <HTML/>
            <Description/>
            <Name>Omnisearch</Name>
            <AD_Language>es_CO</AD_Language>
            <IsActive>Y</IsActive>
            <IsTranslated>N</IsTranslated>
        </PA_DashboardContent_Trl>
    </PA_DashboardContent>
</idempiere>
