<?xml version="1.0" encoding="UTF-8"?><idempiere Name="AD_SysConfig" Version="1.0.0" idempiereVersion="6.2.0.qualifier" DataBaseVersion="2019-01-06" Description="" Author="SuperUser" AuthorEmail="superuser @ idempiere.com" CreatedDate="Mon Jul 29 18:20:51 CEST 2019" UpdatedDate="Mon Jul 29 18:20:51 CEST 2019" PackOutVersion="100" UpdateDictionary="true" Client="0-SYSTEM-System" AD_Client_UU="11237b53-9592-4af1-b3c5-afd216514b5d">
    <AD_SysConfig type="table">
        <AD_Client_ID>0</AD_Client_ID>
        <AD_Org_ID>0</AD_Org_ID>
        <IsActive>Y</IsActive>
        <Name>OMNISEARCH_INDEX</Name>
        <Value>TS</Value>
        <Description/>
        <EntityType>BAY</EntityType>
        <ConfigurationLevel>S</ConfigurationLevel>
        <AD_SysConfig_UU>fa27ac4b-446d-42a8-903b-39181554292a</AD_SysConfig_UU>
    </AD_SysConfig>
</idempiere>
