<?xml version="1.0" encoding="UTF-8"?><idempiere Name="1.0.2" Version="1.0.2" idempiereVersion="" DataBaseVersion="" Description="" Author="" AuthorEmail="druiz@tbayen.de" CreatedDate="2019-08-01 16:23:06.112" UpdatedDate="2019-08-01 16:23:06.111" PackOutVersion="100" UpdateDictionary="false" Client="0-SYSTEM-System" AD_Client_UU="11237b53-9592-4af1-b3c5-afd216514b5d">
    <AD_Menu type="table">
        <SeqNo>16</SeqNo>
        <AD_Client_ID>0</AD_Client_ID>
        <AD_Org_ID>0</AD_Org_ID>
        <Name>Omnisearch</Name>
        <Description/>
        <Action/>
        <AD_Window_ID reference="id"/>
        <AD_Workflow_ID reference="id"/>
        <AD_Task_ID reference="id"/>
        <IsActive>Y</IsActive>
        <IsSummary>Y</IsSummary>
        <AD_Process_ID reference="id"/>
        <IsSOTrx>N</IsSOTrx>
        <AD_Form_ID reference="id"/>
        <IsReadOnly>N</IsReadOnly>
        <EntityType>BAY</EntityType>
        <IsCentrallyMaintained>N</IsCentrallyMaintained>
        <AD_Menu_UU>9ad0f44e-2d8c-48dc-a98a-eb469be1f938</AD_Menu_UU>
        <AD_InfoWindow_ID reference="id"/>
        <AD_Menu_Trl type="translation">
            <Name>Omnisearch</Name>
            <Description/>
            <AD_Language>de_DE</AD_Language>
            <IsActive>Y</IsActive>
            <IsTranslated>N</IsTranslated>
        </AD_Menu_Trl>
        <AD_Menu type="table">
            <Parent_ID reference="uuid" reference-key="AD_Menu">9ad0f44e-2d8c-48dc-a98a-eb469be1f938</Parent_ID>
            <SeqNo>0</SeqNo>
            <AD_Client_ID>0</AD_Client_ID>
            <AD_Org_ID>0</AD_Org_ID>
            <Name>Create/Recreate Omnisearch Index</Name>
            <Description>This process creates/recreates the index document used for global searches in the dashboard panel.</Description>
            <Action>P</Action>
            <AD_Window_ID reference="id"/>
            <AD_Workflow_ID reference="id"/>
            <AD_Task_ID reference="id"/>
            <IsActive>Y</IsActive>
            <IsSummary>N</IsSummary>
            <AD_Process_ID reference="uuid" reference-key="AD_Process">9678a409-32c8-4aad-9db2-1354dc80b451</AD_Process_ID>
            <IsSOTrx>N</IsSOTrx>
            <AD_Form_ID reference="id"/>
            <IsReadOnly>N</IsReadOnly>
            <EntityType>BAY</EntityType>
            <IsCentrallyMaintained>Y</IsCentrallyMaintained>
            <AD_Menu_UU>fd35fc7a-0d8a-4fa3-8e30-d8e041223cb9</AD_Menu_UU>
            <AD_InfoWindow_ID reference="id"/>
            <AD_Process type="table">
                <AD_Client_ID>0</AD_Client_ID>
                <AD_Org_ID>0</AD_Org_ID>
                <IsActive>Y</IsActive>
                <Name>Create/Recreate Omnisearch Index</Name>
                <Description>This process creates/recreates the index document used for global searches in the dashboard panel.</Description>
                <Help>The process must be executed after configuring the columns to be indexed, and every time the indexed columns are modified in Table &amp; Column.</Help>
                <ProcedureName/>
                <IsReport>N</IsReport>
                <Value>CreateIndexProcess</Value>
                <IsDirectPrint>N</IsDirectPrint>
                <AD_ReportView_ID reference="id"/>
                <Classname>de.bxservice.omnisearch.process.CreateIndexProcess</Classname>
                <AccessLevel>6</AccessLevel>
                <EntityType>BAY</EntityType>
                <Statistic_Count>62</Statistic_Count>
                <Statistic_Seconds>1345</Statistic_Seconds>
                <AD_PrintFormat_ID reference="id"/>
                <WorkflowValue/>
                <AD_Workflow_ID reference="id"/>
                <IsBetaFunctionality>N</IsBetaFunctionality>
                <IsServerProcess>N</IsServerProcess>
                <ShowHelp>Y</ShowHelp>
                <JasperReport/>
                <AD_Form_ID reference="id"/>
                <CopyFromProcess>N</CopyFromProcess>
                <AD_Process_UU>9678a409-32c8-4aad-9db2-1354dc80b451</AD_Process_UU>
                <AD_CtxHelp_ID reference="id"/>
                <ExecutionType/>
                <AllowMultipleExecution>P</AllowMultipleExecution>
                <AD_Process_Trl type="translation">
                    <Help/>
                    <Name>Create/Recreate Omnisearch Index</Name>
                    <Description/>
                    <AD_Language>de_DE</AD_Language>
                    <IsActive>Y</IsActive>
                    <IsTranslated>N</IsTranslated>
                </AD_Process_Trl>
            </AD_Process>
        </AD_Menu>
    </AD_Menu>
</idempiere>
